landmark_id,x,y,visibility
0,0.0,0.0,0.0
1,0.0,0.0,0.0
2,0.0,0.0,0.0
3,0.0,0.0,0.0
4,0.0,0.0,0.0
5,0.0,0.0,0.0
6,61.72429656982422,26.88633918762207,0.7843430638313293
7,0.0,0.0,0.0
8,62.88900375366211,47.34587860107422,0.5515105724334717
9,0.0,0.0,0.0
10,69.44286346435547,63.371726989746094,0.40940582752227783
11,0.0,0.0,0.0
12,62.701908111572266,64.50804901123047,0.6291802525520325
13,0.0,0.0,0.0
14,64.84170532226562,95.31855773925781,0.5079905390739441
15,0.0,0.0,0.0
16,0.0,0.0,0.0
