landmark_id,x,y,visibility
0,0.0,0.0,0.0
1,0.0,0.0,0.0
2,0.0,0.0,0.0
3,0.0,0.0,0.0
4,0.0,0.0,0.0
5,69.86011505126953,24.61496353149414,0.8802560567855835
6,66.93759155273438,24.0679988861084,0.5732882618904114
7,68.63922882080078,46.72899627685547,0.6911846399307251
8,0.0,0.0,0.0
9,62.96495819091797,67.05615997314453,0.5186472535133362
10,0.0,0.0,0.0
11,66.94107818603516,69.2802963256836,0.6635009050369263
12,0.0,0.0,0.0
13,0.0,0.0,0.0
14,0.0,0.0,0.0
15,0.0,0.0,0.0
16,0.0,0.0,0.0
