landmark_id,x,y,visibility
0,0.0,0.0,0.0
1,0.0,0.0,0.0
2,0.0,0.0,0.0
3,0.0,0.0,0.0
4,0.0,0.0,0.0
5,0.0,0.0,0.0
6,58.75066375732422,25.594953536987305,0.5190829634666443
7,0.0,0.0,0.0
8,61.326637268066406,48.287437438964844,0.4018773138523102
9,0.0,0.0,0.0
10,0.0,0.0,0.0
11,0.0,0.0,0.0
12,60.9039306640625,60.7476806640625,0.5935959815979004
13,0.0,0.0,0.0
14,62.6652717590332,91.71610260009766,0.7266265153884888
15,0.0,0.0,0.0
16,60.6367301940918,119.43798828125,0.5612477660179138
