landmark_id,x,y,visibility
0,0.0,0.0,0.0
1,0.0,0.0,0.0
2,0.0,0.0,0.0
3,0.0,0.0,0.0
4,0.0,0.0,0.0
5,76.87963104248047,33.1053581237793,0.4484415352344513
6,0.0,0.0,0.0
7,83.34424591064453,51.5741081237793,0.5078383088111877
8,0.0,0.0,0.0
9,72.60095977783203,59.28888702392578,0.4590108394622803
10,0.0,0.0,0.0
11,67.3990478515625,68.60950469970703,0.532074511051178
12,0.0,0.0,0.0
13,66.44904327392578,99.08706665039062,0.7465955018997192
14,0.0,0.0,0.0
15,0.0,0.0,0.0
16,0.0,0.0,0.0
