landmark_id,x,y,visibility
0,0.0,0.0,0.0
1,0.0,0.0,0.0
2,0.0,0.0,0.0
3,0.0,0.0,0.0
4,0.0,0.0,0.0
5,0.0,0.0,0.0
6,62.00593948364258,26.033193588256836,0.8758684396743774
7,0.0,0.0,0.0
8,63.32208251953125,51.02559280395508,0.7549763321876526
9,0.0,0.0,0.0
10,71.96633911132812,69.55754852294922,0.6134955883026123
11,0.0,0.0,0.0
12,66.89857482910156,71.17802429199219,0.5490198135375977
13,0.0,0.0,0.0
14,0.0,0.0,0.0
15,0.0,0.0,0.0
16,0.0,0.0,0.0
