landmark_id,x,y,visibility
0,0.0,0.0,0.0
1,0.0,0.0,0.0
2,0.0,0.0,0.0
3,0.0,0.0,0.0
4,0.0,0.0,0.0
5,54.329498291015625,19.65460968017578,0.6755551695823669
6,77.1856918334961,19.757381439208984,0.5468394160270691
7,46.27125549316406,37.356285095214844,0.7810682654380798
8,82.45262145996094,36.79185104370117,0.5344704985618591
9,0.0,0.0,0.0
10,0.0,0.0,0.0
11,57.51780319213867,52.8663330078125,0.4571983814239502
12,0.0,0.0,0.0
13,0.0,0.0,0.0
14,0.0,0.0,0.0
15,0.0,0.0,0.0
16,0.0,0.0,0.0
