landmark_id,x,y,visibility
0,0.0,0.0,0.0
1,0.0,0.0,0.0
2,0.0,0.0,0.0
3,0.0,0.0,0.0
4,0.0,0.0,0.0
5,66.03680419921875,23.576566696166992,0.5362143516540527
6,67.04730987548828,23.648361206054688,0.9005110859870911
7,0.0,0.0,0.0
8,66.85981750488281,43.853675842285156,0.7947254180908203
9,0.0,0.0,0.0
10,72.19914245605469,63.4835319519043,0.5543416142463684
11,0.0,0.0,0.0
12,66.22323608398438,62.29606246948242,0.638117253780365
13,0.0,0.0,0.0
14,0.0,0.0,0.0
15,0.0,0.0,0.0
16,0.0,0.0,0.0
