landmark_id,x,y,visibility
0,0.0,0.0,0.0
1,0.0,0.0,0.0
2,0.0,0.0,0.0
3,0.0,0.0,0.0
4,0.0,0.0,0.0
5,64.66173553466797,29.778722763061523,0.7659990191459656
6,62.08207702636719,28.706377029418945,0.5091506838798523
7,65.41203308105469,50.67645263671875,0.6759064793586731
8,0.0,0.0,0.0
9,61.38126754760742,66.9477310180664,0.5554876327514648
10,0.0,0.0,0.0
11,65.36382293701172,71.2967529296875,0.6554936170578003
12,0.0,0.0,0.0
13,0.0,0.0,0.0
14,0.0,0.0,0.0
15,0.0,0.0,0.0
16,0.0,0.0,0.0
